Schreibweise;Aussprache;Phonetisch;Hinweis
SOFAROBOTNIK;Sofa Robotnik;So-fa Ro-bott-nik;Gestaltungsbüro im Impressum
Amersfoort;;Ah-mers-fohrt;niederländischer Ortsname
AFE;A F E;Ah Eff Eh;Abkürzung für Anterior Fornix Erogenous Zone
Anterior Fornix Erogenous Zone;;Än-ti-ri-or For-nix I-ro-dsche-nöss Sohn;englischer Fachbegriff, Vorschlag
FKK;F K K;Eff Ka Ka;Abkürzung
GANPF;G A N P F;Geh Ah Enn Peh Eff;Kunstwort aus Anfangsbuchstaben
HDL;H D L;Ha De Ell;Abkürzung
INXS;In Excess;In Ek-sess;Name der australischen Band
ISBN;I S B N;Ih Ess Beh Enn;Abkürzung
KI;K I;Ka Ih;Abkürzung
LG;L G;Ell Geh;Abkürzung
MDMA;M D M A;Em De Em Ah;Abkürzung
TV;T V;Te Fau;Abkürzung
USA;U S A;U Ess Ah;Abkürzung
VW;V W;Fau Weh;Abkürzung
WM;W M;Weh Em;Abkürzung
ZDF;Z D F;Zett De Eff;Abkürzung
App;Äpp;Äpp;englisches Lehnwort
Aftershave;;Af-ter-scheiw;englisches Lehnwort
Audio Porn;;Au-di-o Porn;englischer Titelbegriff
Chemsex;Kemmsex;Kemm-Sex;englisches Kompositum aus Chemical und Sex
Conscious Uncoupling;;Kon-sches An-kapp-ling;englischer Buchtitel
Dark Room;;Dark Ruhm;englischer Titelbegriff
Dirty Talk;;Dör-ti Tohk;englischer Begriff
Doggy Style;;Dog-gi Stail;englischer Begriff
Ecstasy;Ekstasi;Eks-ta-si;englischer Drogenname
Facebook;;Feiß-buk;Markenname
Femtasy;;Femm-ta-si;Markenname, Vorschlag
Fifty Shades of Grey;;Fif-ti Scheids ow Gräi;englischer Buchtitel
Hot Chocolate;;Hott Tschock-litt;Name der britischen Band
Instagram;;Ins-ta-grämm;Markenname
It Started With a Kiss;;Itt Star-tid Wiss a Kiss;englischer Songtitel, Vorschlag
Joystick;;Dschoi-stick;englisches Lehnwort
Kitkatklub;;Kitt-Kätt-Klubb;Name des Berliner Clubs
Lockdown;;Lock-daun;englisches Lehnwort
Love Base Media;;Law Beis Mie-di-a;Verlagsname, Vorschlag
Me-too;Me too;Mie-tuh;englischer Begriff
Netflix;;Nett-flix;Markenname
Onlinedating;;Ohn-lain-Däi-ting;englisch-deutsches Kompositum
Parship;;Par-schipp;Markenname
Point of no Return;;Point ow no Ri-törn;englischer Begriff
Quickie;;Kwi-kie;englisches Lehnwort
Sexperiment;;Sex-pe-ri-ment;Kunstwort aus Sex und Experiment
Silver Surfer;;Sil-wer Sör-fer;englischer Begriff
Slow Sex;;Sloh Sex;englischer Begriff
Streak-Fucking;;Striek Facking;englischer Begriff
Tinder;;Tin-der;Markenname
Webcam;;Web-kämm;englisches Lehnwort
WhatsApp;;Wotts-äpp;Markenname
Wikipedia;;Wi-ki-pe-di-a;Name der Online-Enzyklopädie
Womanizer;;Wu-ma-nai-ser;Markenname
Youporn;;Ju-porn;Markenname
Youtube;;Ju-tjuhb;Markenname
arrabbiata;;Ar-ra-bja-ta;italienische Bezeichnung
mio dolce amore;;Mi-o dol-tsche a-mo-re;italienische Wendung
Cantharidin;;Kan-ta-ri-dien;Wirkstoff der Spanischen Fliege
Coiffeur;;Koa-för;französisches Lehnwort
Feldenkrais;;Fel-den-krais;Eigenname der Körperarbeitsmethode
Ginseng;;Dschin-seng;asiatische Heilpflanze
Pedicatio;;Pä-di-ka-tsi-o;lateinischer Fachbegriff für Analsex
Priapismus;;Prie-a-piss-mus;medizinischer Fachbegriff
Sildenafil;;Sil-de-na-fiel;pharmazeutischer Wirkstoff
Viagra;;Vi-a-gra;Markenname
Voyeur;;Wo-a-jör;französisches Lehnwort
Yohimbe;;Jo-him-be;Name einer Pflanzenart
Yohimbin;;Jo-him-bien;pharmazeutischer Wirkstoff
Yoni;;Jo-ni;Sanskrit-Begriff
Berlusconi;;Ber-lus-ko-ni;italienischer Eigenname
Helen Fisher;;Hell-en Fischer;amerikanische Anthropologin
Bay-Hansen, Jesper;;Bäi Han-sen, Jes-per;dänischer Autorenname, Vorschlag
Gottman, John;;Gott-männ, Dschonn;amerikanischer Autorenname
Woodward Thomas, Katherine;;Wudd-wörd Tom-mas, Kä-the-rin;amerikanische Autorin, Vorschlag
Michael Hutchence;;Mai-kel Hatsch-ens;australischer Sänger
Michael Sztenc;;Mi-cha-el Schtens;deutscher Autorenname, Vorschlag
Silver, Nan;;Sil-wer, Nänn;amerikanische Autorin
Simon Campbell;;Sai-mon Käm-bell;britischer Chemiker
Andresky, Sophie;;An-dres-ki, So-fi;deutsche Autorin
Sydney;;Sid-ni;australischer Ortsname
Johnson, Virginia E.;;Dschonn-sen, Wer-dschi-ni-a Ih;amerikanische Sexualwissenschaftlerin
Masters, William H.;;Mas-ters, Wil-jäm Eitsch;amerikanischer Sexualwissenschaftler
Yella Cremer;;Jel-la Kreh-mer;deutsche Autorin
Nin, Anais;;Nien, A-na-iss;französisch-amerikanische Autorin
James, E. L.;;Dschäims, Ih Ell;britische Autorin
GmbH;G M B H;Geh Em Beh Hah;Abkürzung für Gesellschaft mit beschränkter Haftung
Ltd;Limited;Li-mi-tid;englische Gesellschaftsform
PS;P S;Peh Ess;Abkürzung für Pferdestärke
Mio.;Millionen;Millionen;Abkürzung
eBook;E-Book;Ih-Buk;englischer Begriff
Bookwire;;Buk-wai-er;Firmenname
Business;;Biss-ness;englisches Lehnwort
Business Center;;Biss-ness Senn-ter;englischer Begriff
business as usual;;Biss-ness äs juh-schuh-ell;englische Wendung
Coach;;Koutsch;englisches Lehnwort
Coaching;;Koutsching;englisches Lehnwort
Community;;Ko-mju-ni-ti;englisches Lehnwort
Feedback;;Fied-bäck;englisches Lehnwort
Image;;Im-idsch;englisches Lehnwort
Likes;;Laiks;englisches Lehnwort
Mindset;;Maind-set;englisches Lehnwort
Multi-Level-Marketing;;Mal-ti Lew-el Mar-ke-ting;englischer Fachbegriff
Newsletter;;Njuhs-let-ter;englisches Lehnwort
Online;;On-lain;englisches Lehnwort
Pipeline;;Paip-lain;englisches Lehnwort
Retreat;;Ri-triet;englisches Lehnwort
Running Gag;;Ran-ning Gägg;englische Wendung
Testimonials;;Tes-ti-moh-ni-els;englischer Marketingbegriff
Amazon-Bestseller;;Ä-ma-son Best-sel-ler;Markenname und englischer Begriff
MOPS;M O P S;Em O Peh Ess;Abkürzung für Managing Other People's Shit
Managing Other People’s Shit;;Mä-na-dsching Asser Pie-pels Schitt;englische Wendung, Vorschlag
Soothing, I'll make you feel pure;;Suh-dhing, ail mäik juh fiel pjuhr;englische Liedzeile, Vorschlag
Trust me, you can be sure;;Trast mie, juh kän bie schuhr;englische Liedzeile
Please me, show me how it's done;;Plies mie, schou mie hau its dann;englische Liedzeile
Tease me, you are the one;;Ties mie, juh ar dhe wann;englische Liedzeile
Trust me, you are the one;;Trast mie, juh ar dhe wann;englische Liedzeile
Larnaka;;Lar-na-ka;zyprischer Ortsname
Gran Canaria;;Gran Ka-na-ri-a;spanischer Inselname
Barranco;;Bar-ran-ko;spanischer Begriff
Arco;;Ar-ko;italienischer Ortsname
Aida;;A-i-da;spanischer Vorname, Vorschlag
Camilo;;Ka-mi-lo;spanischer Vorname
Shakira;;Scha-kie-ra;kolumbianische Sängerin
Loukotka;;Lu-kott-ka;Familienname, Vorschlag
Jorge Bucay;;Chor-che Bu-kai;argentinischer Autorenname
Immaculee Ilibagiza;;Im-ma-ku-leh I-li-ba-gie-sa;ruandische Autorin, Vorschlag
Muhl;;Muul;dänischer Familienname, Vorschlag
Muhls;;Muuls;Genitiv des dänischen Familiennamens, Vorschlag
Cyril;;Si-rill;französischer Vorname
Dion;;Di-ong;französischer Familienname
Jeshua;;Je-schuh-a;Namensvariante von Jesus
Colette;;Ko-lett;französischer Vorname
Tomorrow;;Tu-mor-rou;englischer Buchtitel
The Work of Byron Katie;;Dhe Wörk ow Bai-ron Käi-tie;englischer Methodenname
The Power of the Heart;;Dhe Pau-er ow dhe Hart;englischer Filmtitel
Left to Tell: Discovering God Amidst the Rwandan Holocaust;;Left tu Tell, Dis-ka-we-ring God Ä-midst dhe Ru-an-dän Hol-lo-kohst;englischer Buchtitel, Vorschlag
S.Fischer;S Fischer;Ess Fischer;Verlagsname
Co.;Compagnie;Kom-pa-nie;Abkürzung in einem Firmennamen
a. M.;am Main;am Main;Ortszusatz bei Frankfurt
verlag@hiene.de;;Ver-lag ätt Hie-ne Punkt De Eh;sichtbare E-Mail-Adresse
info@kamphausen.media;;In-fo ätt Kamp-hau-sen Punkt Mie-di-a;sichtbare E-Mail-Adresse
aufwachkultur.de;;Auf-wach-kul-tur Punkt De Eh;sichtbare Webadresse
kamphausen.media;;Kamp-hau-sen Punkt Mie-di-a;sichtbare Webadresse
dnb.d-nb.de;;De Enn Beh Punkt De Bindestrich Enn Beh Punkt De Eh;sichtbare Webadresse
stefanhiene.de;;Ste-fan Hie-ne Punkt De Eh;sichtbare Webadresse
aufwachmedizin.de;;Auf-wach-me-di-zin Punkt De Eh;sichtbare Webadresse
